-- phpMyAdmin SQL Dump
-- version 4.5.1
-- http://www.phpmyadmin.net
--
-- Φιλοξενητής: 127.0.0.1
-- Χρόνος δημιουργίας: 03 Ιουν 2016 στις 02:15:40
-- Έκδοση διακομιστή: 10.1.10-MariaDB
-- Έκδοση PHP: 5.6.15

SET SQL_MODE = "NO_AUTO_VALUE_ON_ZERO";
SET time_zone = "+00:00";


/*!40101 SET @OLD_CHARACTER_SET_CLIENT=@@CHARACTER_SET_CLIENT */;
/*!40101 SET @OLD_CHARACTER_SET_RESULTS=@@CHARACTER_SET_RESULTS */;
/*!40101 SET @OLD_COLLATION_CONNECTION=@@COLLATION_CONNECTION */;
/*!40101 SET NAMES utf8mb4 */;

--
-- Βάση δεδομένων: `project`
--

-- --------------------------------------------------------

--
-- Δομή πίνακα για τον πίνακα `buys`
--

CREATE TABLE `buys` (
  `Identity_Card_Number` varchar(255) NOT NULL,
  `packet_id` int(11) NOT NULL,
  `purchase date` date NOT NULL
) ENGINE=InnoDB DEFAULT CHARSET=utf8;

--
-- Άδειασμα δεδομένων του πίνακα `buys`
--

INSERT INTO `buys` (`Identity_Card_Number`, `packet_id`, `purchase date`) VALUES
('AK000120', 1252, '2000-01-02'),
('AK000121', 1252, '1994-02-14'),
('AK000123', 1453, '1999-03-06'),
('AK000128', 1453, '2000-06-14'),
('AK000130', 1252, '2001-08-16'),
('AK000132', 1453, '1998-10-25'),
('AK000140', 1453, '2000-12-02'),
('AK000142', 1254, '2000-06-07'),
('AK000145', 1454, '1998-01-01'),
('AK000154', 1253, '1998-05-13'),
('AK000157', 1254, '1998-05-10'),
('AK000165', 1453, '1995-04-16'),
('AK000180', 1453, '1988-02-24'),
('AK000187', 1454, '1997-02-27'),
('AK000215', 1455, '1994-07-23'),
('AK000231', 1254, '2000-10-05'),
('AK000235', 1254, '1996-12-23'),
('AK000237', 1254, '1992-11-18'),
('AK000254', 1455, '2002-10-19'),
('AK000274', 1254, '1999-02-23'),
('AK000289', 1455, '1997-08-12'),
('AK000333', 1453, '2002-12-01'),
('AK000414', 1252, '2001-05-04'),
('AK000452', 1455, '2001-03-14'),
('AK000457', 1454, '1991-11-25'),
('AK000478', 1452, '1997-09-13'),
('AK000521', 1253, '1990-10-28'),
('AK000556', 1254, '1997-10-03'),
('AK000566', 1454, '1993-09-21'),
('AK000578', 1252, '1996-12-10'),
('AK000588', 1452, '1991-11-25'),
('AK000651', 1253, '1997-02-24'),
('AK000658', 1254, '1982-10-12'),
('AK000666', 1254, '2001-07-15'),
('AK000789', 1252, '1992-07-19'),
('AK000874', 1455, '1995-02-24'),
('AK000875', 1454, '1986-10-24'),
('AK000947', 1455, '2002-08-23'),
('AK121211', 1252, '1990-03-22'),
('AK121213', 1252, '1999-02-13'),
('AK121216', 1253, '1998-12-15'),
('AK121217', 1453, '1980-10-24'),
('AK121218', 1452, '1997-03-08'),
('AK121220', 1454, '1997-09-07'),
('AK121221', 1454, '2000-11-02'),
('AK121222', 1454, '2001-04-22'),
('AK121223', 1455, '1996-03-30'),
('AK121224', 1452, '2000-02-03'),
('AK121225', 1452, '1994-08-10'),
('AK121227', 1254, '1996-01-26');

-- --------------------------------------------------------

--
-- Δομή πίνακα για τον πίνακα `buys_1`
--

CREATE TABLE `buys_1` (
  `Tax_Identification_Number` varchar(255) NOT NULL,
  `packet_id` int(11) NOT NULL,
  `purchase date` date NOT NULL
) ENGINE=InnoDB DEFAULT CHARSET=utf8;

--
-- Άδειασμα δεδομένων του πίνακα `buys_1`
--

INSERT INTO `buys_1` (`Tax_Identification_Number`, `packet_id`, `purchase date`) VALUES
('646435443', 1253, '2016-06-01'),
('946736433', 1253, '2016-06-03');

-- --------------------------------------------------------

--
-- Δομή πίνακα για τον πίνακα `company/business`
--

CREATE TABLE `company/business` (
  `Tax_Identification_Number` varchar(255) NOT NULL,
  `phone number` int(11) NOT NULL,
  ` company name` varchar(255) NOT NULL,
  `registration date` date NOT NULL,
  `Address` text NOT NULL,
  `City` varchar(255) NOT NULL,
  `Stuff` int(11) NOT NULL,
  `e-mail` text NOT NULL
) ENGINE=InnoDB DEFAULT CHARSET=utf8;

--
-- Άδειασμα δεδομένων του πίνακα `company/business`
--

INSERT INTO `company/business` (`Tax_Identification_Number`, `phone number`, ` company name`, `registration date`, `Address`, `City`, `Stuff`, `e-mail`) VALUES
('646435443', 2105297379, 'Super Market', '2015-06-01', ' Αγ. Γεωργίου 30', 'Αθήνα', 20, 'supermarket@gmail.com'),
('946736433', 2105297373, 'Asfalistiki', '2014-06-22', 'ΑΧΑΡΝΩΝ 96', 'Πάτρα', 18, 'asfalistiki@gmail.com');

-- --------------------------------------------------------

--
-- Δομή πίνακα για τον πίνακα `customer`
--

CREATE TABLE `customer` (
  `Identity_Card_Number` varchar(255) NOT NULL,
  `home_phone_number` varchar(255) NOT NULL,
  `Mobile_Phone_Number` varchar(255) NOT NULL,
  `registration date` date NOT NULL,
  `FirstName` varchar(255) NOT NULL,
  `LastName` varchar(255) NOT NULL,
  `Address` text NOT NULL,
  `City` varchar(255) NOT NULL
) ENGINE=InnoDB DEFAULT CHARSET=utf8;

--
-- Άδειασμα δεδομένων του πίνακα `customer`
--

INSERT INTO `customer` (`Identity_Card_Number`, `home_phone_number`, `Mobile_Phone_Number`, `registration date`, `FirstName`, `LastName`, `Address`, `City`) VALUES
('AK000120', '2108802467', '699390118', '2000-01-02', 'ΑΡΙΣΤΟΤΕΛΗΣ', 'ΣΚΟΠΕΛΙΤΗΣ', 'Μεσολογγίου 73', 'Πάτρα'),
('AK000121', '2107703097', '693882975', '1994-02-14', 'ΗΛΙΑΣ', 'ΠΟΛΙΤΗΣ', 'Μεσολογγίου 27', 'Θεσσαλονίκη'),
('AK000123', '2102667312', '697607076', '1999-03-06', 'ΕΛΕΥΘΕΡΙΟΣ', 'ΠΑΠΑΧΡΗΣΤΟΣ', 'Γιαννιτσών 56', 'Πάτρα'),
('AK000128', '2101734535', '698297216', '2000-06-14', 'ΑΝΤΡΕΑΣ', 'ΨΑΡΙΑΝΟΣ', 'Πατησσίων 51', 'Θεσσαλονίκη'),
('AK000130', '2100361817', '692871849', '2001-08-16', 'ΝΙΚΟΛΑΟΣ', 'ΘΑΛΑΣΣΙΝΟΣ', 'Ερμού 56', 'Θεσσαλονίκη'),
('AK000132', '2106026246', '699657951', '1998-10-25', 'ΑΘΑΝΑΣΙΟΣ', 'ΜΠΛΑΤΣΙΩΤΗΣ', 'Ζακύνθου 42', 'Αθήνα'),
('AK000140', '2109467602', '697285794', '2000-12-02', 'ΧΑΡΑ', 'ΚΑΤΣΑΤΟΥ', 'Γιαννιτσών 38', 'Πάτρα'),
('AK000142', '2100740856', '694248525', '2000-06-07', 'ΑΝΤΡΕΑΣ', 'ΧΑΣΑΠΟΓΛΟΥ', 'Ερμού 30', 'Πάτρα'),
('AK000145', '2103754327', '692135503', '1998-01-01', 'ΔΙΟΜΗΔΗΣ', 'ΣΩΤΗΡΙΟΥ', 'Ερμού 62', 'Θεσσαλονίκη'),
('AK000154', '2107612843', '699713711', '1998-05-13', 'ΓΙΩΡΓΟΣ', 'ΦΙΩΤΑΚΗΣ', 'Γιαννιτσών 65', 'Πάτρα'),
('AK000157', '2109878725', '695180134', '1998-05-10', 'ΓΕΩΡΓΙΑ', 'ΛΙΑΚΟΥ', 'Πατησσίων 90', 'Πάτρα'),
('AK000165', '2109375442', '693239258', '1995-04-16', 'ΑΓΓΕΛΙΚΗ', 'ΔΕΜΕΤΗ', 'Πατησσίων 51', 'Πάτρα'),
('AK000180', '2100030848', '690440275', '1988-02-24', 'ΙΩΑΝΝΗΣ', 'ΓΕΩΡΓΙΟΥ', 'Πατησσίων 73', 'Θεσσαλονίκη'),
('AK000187', '2107178100', '691836527', '1997-02-27', 'ΣΤΕΛΙΟΣ', 'ΔΡΙΛΛΗΣ', 'Ηρακλείου 77', 'Θεσσαλονίκη'),
('AK000215', '2107666978', '697058409', '1994-07-23', 'ΓΕΩΡΓΙΟΣ', 'ΚΑΡΑΦΛΟΣ', 'Ερμού 55', 'Πάτρα'),
('AK000231', '2100050644', '695131124', '2000-10-05', 'ΝΙΚΗ', 'ΠΟΛΥΧΡΟΝΑΚΗ', 'Ηρακλείου 20', 'Πάτρα'),
('AK000235', '2106977811', '696318784', '1996-12-23', 'ΔΗΜΗΤΡΗΣ', 'ΛΑΜΙΑΣ', 'Ερμού 10', 'Πάτρα'),
('AK000237', '2105438362', '697231521', '1992-11-18', 'ΑΝΤΩΝΗΣ', 'ΠΑΠΑΡΙΖΟΣ', 'Πατησσίων 86', 'Αθήνα'),
('AK000254', '2107959336', '695380027', '2002-10-19', 'ΔΗΜΗΤΡΙΟΣ', 'ΝΑΝΟΠΟΥΛΟΣ', 'Πατησσίων 86', 'Θεσσαλονίκη'),
('AK000274', '2101515318', '697612032', '1999-02-23', 'ΣΤΑΜΑΤΗΣ', 'ΔΗΜΗΤΡΙΟΥ', 'Γιαννιτσών 1', 'Πάτρα'),
('AK000289', '2100337110', '699223473', '1997-08-12', 'ΑΛΕΚΑ', 'ΛΑΜΠΡΟΠΟΥΛΟΥ', 'Γιαννιτσών 98', 'Θεσσαλονίκη'),
('AK000333', '2104854759', '692573961', '2002-12-01', 'ΔΗΜΗΤΡΙΟΣ', 'ΚΑΛΠΑΚΙΔΗΣ', 'Ζακύνθου 36', 'Αθήνα'),
('AK000414', '2104511014', '695693788', '2001-05-04', 'ΙΩΑΝΝΗΣ', 'ΓΙΑΝΝΟΠΟΥΛΟΣ', 'Ηρακλείου 42', 'Θεσσαλονίκη'),
('AK000452', '2109264940', '695401022', '2001-03-14', 'ΝΙΚΟΛΑΟΣ', 'ΓΙΑΝΝΟΥΛΗΣ', 'Ηρακλείου 92', 'Πάτρα'),
('AK000457', '2107578460', '698999672', '1991-11-25', 'ΑΛΕΞΙΑ', 'ΒΑΛΣΑΜΗ', 'Πατησσίων 56', 'Πάτρα'),
('AK000478', '2101538618', '692840427', '1997-09-13', 'ΑΓΗΣΙΛΑΟΣ', 'ΔΙΑΜΑΝΤΟΠΟΥΛΟΣ', 'Καρπάθου 66', 'Αθήνα'),
('AK000521', '2107076254', '698613750', '1990-10-28', 'ΘΑΛΕΙΑ', 'ΞΥΠΟΛΙΑ', 'Ηρακλείου 64', 'Αθήνα'),
('AK000556', '2100827569', '698127677', '1997-10-03', 'ΙΩΣΗΦΙΝΑ', 'ΓΚΙΟΚΑ', 'Μεσολογγίου 81', 'Πάτρα'),
('AK000566', '2107014707', '694049708', '1993-09-21', 'ΦΑΝΗΣ', 'ΚΑΠΑΚΛΗΣ', 'Ερμού 40', 'Αθήνα'),
('AK000578', '2105621010', '692768919', '1996-12-10', 'ΑΧΙΛΛΕΑΣ', 'ΜΑΝΙΑΤΗΣ', 'Καρπάθου 56', 'Θεσσαλονίκη'),
('AK000588', '2104576867', '691555898', '1991-11-25', 'ΒΑΣΙΛΙΚΗ', 'ΒΑΛΣΑΜΗ', 'Μεσολογγίου 10', 'Αθήνα'),
('AK000651', '2108248752', '697815028', '1997-02-24', 'ΜΙΛΤΙΑΔΗΣ', 'ΧΑΡΑΛΑΜΠΟΥΣ', 'Ηρακλείου 61', 'Θεσσαλονίκη'),
('AK000658', '2105638422', '692616759', '1982-10-12', 'ΑΝΕΣΤΗΣ', 'ΓΚΙΩΝΑΚΗΣ', 'Πατησσίων 9', 'Πάτρα'),
('AK000666', '2101357164', '697177183', '2001-07-15', 'ΔΗΜΟΣΘΕΝΗΣ', 'ΚΙΤΡΙΝΟΣ', 'Ζακύνθου 33', 'Θεσσαλονίκη'),
('AK000789', '2106592879', '693131083', '1992-07-19', 'ΜΕΛΕΤΗΣ', 'ΝΙΑΡΧΟΥ', 'Πατησσίων 48', 'Θεσσαλονίκη'),
('AK000874', '2100959697', '698450741', '1995-02-24', 'ΕΛΛΗ', 'ΚΑΦΑΝΤΑΡΗ', 'Καρπάθου 0', 'Θεσσαλονίκη'),
('AK000875', '2109724460', '699042051', '1986-10-24', 'ΛΕΩΝΙΔΑΣ', 'ΑΡΑΧΤΟΣ', 'Καρπάθου 67', 'Πάτρα'),
('AK000947', '2107661156', '698640982', '2002-08-23', 'ΕΛΕΥΘΕΡΙΑ', 'ΑΡΑΠΟΓΛΟΥ', 'Μεσολογγίου 99', 'Πάτρα'),
('AK121211', '2106332788', '690642699', '1990-03-22', 'ΠΑΝΑΓΙΩΤΗΣ', 'ΚΑΠΡΑΛΟΣ', 'Πατησσίων 8', 'Πάτρα'),
('AK121213', '2105045049', '693185112', '1999-02-13', 'ΚΑΛΛΙΟΠΗ', 'ΚΑΠΑΓΙΑΝΝΗ', 'Καρπάθου 96', 'Θεσσαλονίκη'),
('AK121216', '2101111260', '693663425', '1998-12-15', 'ΙΩΑΝΝΑ', 'ΚΥΡΙΑΚΟΥ', 'Καρπάθου 26', 'Θεσσαλονίκη'),
('AK121217', '2100987448', '690012882', '1980-10-24', 'ΧΡΗΣΤΟΣ', 'ΚΟΥΛΟΧΕΡΗΣ', 'Ερμού 25', 'Αθήνα'),
('AK121218', '2107822882', '691433449', '1997-03-08', 'ΚΥΡΙΑΚΟΣ', 'ΙΩΑΝΝΟΥ', 'Καρπάθου 4', 'Πάτρα'),
('AK121220', '2100278952', '694884192', '1997-09-07', 'ΧΡΙΣΤΙΝΑ', 'ΚΑΜΕΝΟΥ', 'Ηρακλείου 31', 'Αθήνα'),
('AK121221', '2104365520', '692368044', '2000-11-02', 'ΜΑΝΩΛΗΣ', 'ΜΑΡΓΑΡΙΤΗΣ', 'Ζακύνθου 82', 'Αθήνα'),
('AK121222', '2106538272', '698623892', '2001-04-22', 'ΑΝΤΩΝΗΣ', 'ΚΑΡΑΤΖΑΣ', 'Γιαννιτσών 48', 'Πάτρα'),
('AK121223', '2102347336', '691585071', '1996-03-30', 'ΑΝΤΩΝΙΑ', 'ΠΟΛΥΧΡΟΝΑΚΗ', 'Μεσολογγίου 2', 'Πάτρα'),
('AK121224', '2107083012', '692057695', '2000-02-03', 'ΑΡΙΣΤΕΙΔΗΣ', 'ΚΑΛΑΠΑΝΙΔΑΣ', 'Γιαννιτσών 47', 'Θεσσαλονίκη'),
('AK121225', '2109852262', '692465147', '1994-08-10', 'ΑΡΤΕΜΗΣ', 'ΛΙΑΚΟΠΟΥΛΟΣ', 'Πατησσίων 6', 'Θεσσαλονίκη'),
('AK121227', '2103033977', '698599533', '1996-01-26', 'ΔΗΜΗΤΡΗΣ', 'ΚΑΖΑΤΖΗΣ', 'Πατησσίων 91', 'Αθήνα');

-- --------------------------------------------------------

--
-- Δομή πίνακα για τον πίνακα `home packets`
--

CREATE TABLE `home packets` (
  `packet_id` int(11) NOT NULL,
  `Minutes` int(11) NOT NULL,
  `Internet(Mbps)` int(11) NOT NULL,
  `descriptio` text NOT NULL
) ENGINE=InnoDB DEFAULT CHARSET=utf8;

--
-- Άδειασμα δεδομένων του πίνακα `home packets`
--

INSERT INTO `home packets` (`packet_id`, `Minutes`, `Internet(Mbps)`, `descriptio`) VALUES
(1452, 0, 24, 'Home Double play'),
(1453, 0, 24, 'Students Double Play'),
(1454, 0, 50, 'Home Double play(50Mbps)'),
(1455, 0, 50, 'Students Double Play(50 Mbps)');

-- --------------------------------------------------------

--
-- Δομή πίνακα για τον πίνακα `manager`
--

CREATE TABLE `manager` (
  `Tax_Identification_Number` varchar(255) NOT NULL,
  `Identity_Card_Number` varchar(255) NOT NULL,
  `packet` int(11) NOT NULL,
  `FirstName` varchar(255) NOT NULL,
  `LastName` varchar(255) NOT NULL,
  `Ofiice_phone` varchar(255) NOT NULL,
  `Address` text NOT NULL,
  `City` varchar(255) NOT NULL
) ENGINE=InnoDB DEFAULT CHARSET=utf8;

--
-- Άδειασμα δεδομένων του πίνακα `manager`
--

INSERT INTO `manager` (`Tax_Identification_Number`, `Identity_Card_Number`, `packet`, `FirstName`, `LastName`, `Ofiice_phone`, `Address`, `City`) VALUES
('1556154772', 'AK-135743', 1455, 'Στέφανος', 'Λεμονίδης', '2106894394', ' Καποδιστρίου 34', 'Αθήνα'),
('1556154773', 'AK-136343', 1454, 'Λευτέρης', 'Σωτηρίου', '2106879394', ' Καποδιστρίου 34', 'Αθήνα'),
('1556155042', 'AK-126343', 1453, 'Μάριος', 'Ευρυπίδης', '2106879311', ' Καποδιστρίου 34', 'Αθήνα'),
('1556155043', 'AK-626623', 1452, 'Θωμάς', 'Μετζίνης', '2106877343', ' Καποδιστρίου 34', 'Αθήνα'),
('1556155044', 'AK-526443', 1254, 'Ανδρέας', 'Ανδριανός', '2106879133', ' Καποδιστρίου 34', 'Αθήνα'),
('1556155077', 'AK-526487', 1253, 'Δήμητρα', 'Καραγκούνη', '2106879485', ' Καποδιστρίου 34', 'Αθήνα'),
('1556155078', 'AK-526482', 1252, 'Νικόλαος', 'Καλαπόδης', '2106879486', ' Καποδιστρίου 34', 'Αθήαν');

-- --------------------------------------------------------

--
-- Δομή πίνακα για τον πίνακα `mobile packets`
--

CREATE TABLE `mobile packets` (
  `packet_id` int(11) NOT NULL,
  `Minutes` int(11) NOT NULL,
  `SMS` int(11) NOT NULL,
  `Internet(MB)` int(11) NOT NULL,
  `description` text NOT NULL
) ENGINE=InnoDB DEFAULT CHARSET=utf8;

--
-- Άδειασμα δεδομένων του πίνακα `mobile packets`
--

INSERT INTO `mobile packets` (`packet_id`, `Minutes`, `SMS`, `Internet(MB)`, `description`) VALUES
(1252, 600, 600, 800, 'Προς όλους'),
(1253, 1200, 1200, 600, 'My Business'),
(1254, 1200, 300, 600, 'My Family');

-- --------------------------------------------------------

--
-- Δομή πίνακα για τον πίνακα `plans/services`
--

CREATE TABLE `plans/services` (
  `packet_id` int(11) NOT NULL,
  `price` float NOT NULL,
  `category` varchar(255) NOT NULL
) ENGINE=InnoDB DEFAULT CHARSET=utf8;

--
-- Άδειασμα δεδομένων του πίνακα `plans/services`
--

INSERT INTO `plans/services` (`packet_id`, `price`, `category`) VALUES
(1252, 22.5, 'ΦΟΙΤΗΤΙΚΟ'),
(1253, 37.5, 'ΕΠΑΓΓΕΛΜΑΤΙΚΟ'),
(1254, 25, 'ΟΙΚΟΓΕΝΕΙΑΚΟ'),
(1452, 29.9, 'ΟΙΚΟΓΕΝΕΙΑΚΟ'),
(1453, 19.9, 'ΦΟΙΤΗΤΙΚΟ'),
(1454, 39.9, 'ΟΙΚΟΓΕΝΕΙΑΚΟ'),
(1455, 29.9, 'ΦΟΙΤΗΤΙΚΟ');

--
-- Ευρετήρια για άχρηστους πίνακες
--

--
-- Ευρετήρια για πίνακα `buys`
--
ALTER TABLE `buys`
  ADD PRIMARY KEY (`Identity_Card_Number`,`packet_id`,`purchase date`),
  ADD KEY `Buys_fk1` (`packet_id`);

--
-- Ευρετήρια για πίνακα `buys_1`
--
ALTER TABLE `buys_1`
  ADD PRIMARY KEY (`Tax_Identification_Number`,`packet_id`,`purchase date`),
  ADD KEY `Buys_1_fk1` (`packet_id`);

--
-- Ευρετήρια για πίνακα `company/business`
--
ALTER TABLE `company/business`
  ADD PRIMARY KEY (`Tax_Identification_Number`);

--
-- Ευρετήρια για πίνακα `customer`
--
ALTER TABLE `customer`
  ADD PRIMARY KEY (`Identity_Card_Number`);

--
-- Ευρετήρια για πίνακα `home packets`
--
ALTER TABLE `home packets`
  ADD PRIMARY KEY (`packet_id`);

--
-- Ευρετήρια για πίνακα `manager`
--
ALTER TABLE `manager`
  ADD PRIMARY KEY (`Tax_Identification_Number`),
  ADD KEY `Manager_fk0` (`packet`);

--
-- Ευρετήρια για πίνακα `mobile packets`
--
ALTER TABLE `mobile packets`
  ADD PRIMARY KEY (`packet_id`);

--
-- Ευρετήρια για πίνακα `plans/services`
--
ALTER TABLE `plans/services`
  ADD PRIMARY KEY (`packet_id`);

--
-- Περιορισμοί για άχρηστους πίνακες
--

--
-- Περιορισμοί για πίνακα `buys`
--
ALTER TABLE `buys`
  ADD CONSTRAINT `Buys_fk0` FOREIGN KEY (`Identity_Card_Number`) REFERENCES `customer` (`Identity_Card_Number`),
  ADD CONSTRAINT `Buys_fk1` FOREIGN KEY (`packet_id`) REFERENCES `plans/services` (`packet_id`);

--
-- Περιορισμοί για πίνακα `buys_1`
--
ALTER TABLE `buys_1`
  ADD CONSTRAINT `Buys_1_fk0` FOREIGN KEY (`Tax_Identification_Number`) REFERENCES `company/business` (`Tax_Identification_Number`),
  ADD CONSTRAINT `Buys_1_fk1` FOREIGN KEY (`packet_id`) REFERENCES `plans/services` (`packet_id`);

--
-- Περιορισμοί για πίνακα `home packets`
--
ALTER TABLE `home packets`
  ADD CONSTRAINT `Home packets_fk0` FOREIGN KEY (`packet_id`) REFERENCES `plans/services` (`packet_id`);

--
-- Περιορισμοί για πίνακα `manager`
--
ALTER TABLE `manager`
  ADD CONSTRAINT `Manager_fk0` FOREIGN KEY (`packet`) REFERENCES `plans/services` (`packet_id`);

--
-- Περιορισμοί για πίνακα `mobile packets`
--
ALTER TABLE `mobile packets`
  ADD CONSTRAINT `Mobile packets_fk0` FOREIGN KEY (`packet_id`) REFERENCES `plans/services` (`packet_id`);

/*!40101 SET CHARACTER_SET_CLIENT=@OLD_CHARACTER_SET_CLIENT */;
/*!40101 SET CHARACTER_SET_RESULTS=@OLD_CHARACTER_SET_RESULTS */;
/*!40101 SET COLLATION_CONNECTION=@OLD_COLLATION_CONNECTION */;
